longitude,latitude,val
-88.522923,42.660919,1
-101.885391,35.267353,1
-68.009825,46.842162,1
-73.429554,41.082789,1
-74.232109,40.782618,1
-74.070034,40.875277,1
-74.672938,41.651953,1
-78.8592257288361,42.8601082048398,1
-76.647804,40.572305,1
-75.7876069656067,38.7149924884876,1
-77.501414,37.419674,1
-80.2401848,36.0781916,1
-79.77377,36.040371,1
-81.055212,35.250341,1
-78.3531988968201,34.9919144723595,1
-84.855059,34.231469,1
-84.696877,33.330208,1
-84.416951,33.795583,1
-83.8901784146805,34.251436809391,1
-82.6043032711639,29.8156094949518,1
-81.576634,30.314705,1
-81.232029,28.568905,1
-85.1503184246063,31.9120218755144,1
-85.828466084657,33.6420794199319,1
-85.620314,33.921589,1
-85.362562,33.136025,1
-85.4763682209015,33.3315279279969,1
-85.371078,32.613832,1
-88.84445,33.44524,1
-89.428718,31.730092,1
-89.153519,32.332444,1
-88.728494,32.044212,1
-88.6288202367707,31.664652336115,1
-89.092705,30.387011,1
-90.105773,31.125255,1
-86.4767571375732,36.9670067317848,1
-83.793113,41.599915,1
-81.527391,41.021243,1
-84.1853395,40.2880521,1
-84.119562,39.801785,1
-86.1913512711639,39.6859544624013,1
-85.999989,41.703187,1
-85.982061,38.370905,1
-83.9491356,43.6636158,1
-84.786743,43.612859,1
-84.914344,43.40755,1
-86.1076424907379,42.0842657913722,1
-85.552336,43.209511,1
-93.600452,42.18877,1
-95.854432,43.184578,1
-95.233166,41.016931,1
-89.300987,43.037844,1
-89.818179,43.951709,1
-88.8059428999988,43.4533316231336,1
-92.546966,44.991768,1
-92.6848171983948,45.3214492134773,1
-90.184604,44.655065,1
-89.416625,45.633577,1
-90.906851,46.578846,1
-91.740166,45.511284,1
-93.283182,45.026438,1
-95.917661,45.590137,1
-96.64383,45.21913,1
-99.3384050729967,43.7974042439675,1
-98.22608,44.36473,1
-98.374825,45.458986,1
-101.245195,45.007628,1
-98.015913,46.923661,1
-97.6430196460259,48.7918731076394,1
-108.761506,45.672305,1
-112.735401,46.397091,1
-111.864547,48.509598,1
-107.878595,48.363671,1
-88.1762632023773,40.6144051035765,1
-90.74496,41.200666,1
-89.534246,38.610698,1
-88.971133,38.315898,1
-89.215318,37.738458,1
-94.774737,39.524082,1
-94.878437,39.7070711,1
-93.543136,39.793464,1
-91.410484,38.07116,1
-97.630972,39.837643,1
-97.3451283354431,38.0867512564151,1
-97.612219,38.849542,1
-97.911312,38.053947,1
-97.940849,38.037489,1
-100.919019,37.019411,1
-96.3589001,41.0376048,1
-99.732302,40.774991,1
-98.360124,40.582081,1
-101.533544628249,40.0596770875102,1
-91.713832,32.155722,1
-93.533397,33.3633145361814,1
-93.871315,33.952359401633,1
-94.256164,34.568008,1
-91.690837,35.240358,1
-90.949528,36.280519,1
-97.441963,35.376575,1
-99.288447,35.421938,1
-97.051949,36.084812,1
-95.4019902724915,35.7867068081201,1
-96.73629,32.684726,1
-95.5497999087066,33.7210948429447,1
-94.226198,33.095005,1
-95.345249,32.182469,1
-95.719888,31.702799,1
-97.677806,32.961542,1
-97.3177,32.570292,1
-97.8164040833283,33.5791939227008,1
-97.16037,33.642159,1
-96.9802060986725,30.6694141923135,1
-97.1303485423279,32.0163708117604,1
-97.119669,31.535157,1
-99.4066120674591,31.8573234795839,1
-99.2195941,30.7398924,1
-100.570259,31.568255,1
-95.734392,29.290569,1
-95.9566067949677,30.9287426046027,1
-97.544281,27.995178,1
-98.890452,30.25599,1
-99.758699,29.226503,1
-101.579864,35.675527,1
-102.721077,34.232828,1
-101.650477,33.449133,1
-99.89629,32.774736,1
-106.308406,31.722301,1
-104.996095456345,39.812660587347,1
-105.400158,39.462523,1
-105.157543,38.951592,1
-104.76244,38.836518,1
-104.022608134918,38.1308605671189,1
-102.619371,38.095652,1
-106.924165,38.565785,1
-104.268992,43.846907,1
-105.475974,44.296893,1
-109.235771,41.618008,1
-111.111656,43.684571,1
-113.893493,45.175768,1
-116.964332,46.436217,1
-116.78119,43.668526,1
-112.086348,38.75449,1
-106.272415,35.094774,1
-106.018234,35.638489,1
-107.761668,32.281686,1
-103.344952,32.965796,1
-105.96894,32.946921,1
-117.7076,33.615471,1
-118.001197,33.778977,1
-119.278573624329,36.3304292889179,1
-121.131276,37.475136,1
-122.048376,38.00326,1
-123.348474,39.392957,1
-122.629384,38.236513,1
-122.194928,39.514701,1
-122.784312,45.446897,1
-122.335019,48.461001,1
-122.657044,48.291006,1
-120.117777,48.360131,1
-120.509003,46.592964,1
-120.458565,46.579372,1
-119.881263,46.252991,1
-70.9465365,41.7571537,1
-79.147062,35.461332,1
-82.5118838836059,34.8014914829696,1
-85.225441,33.560932,1
-85.098307,33.01729,1
-87.295092,30.460683,1
-85.152382,31.881609,1
-88.22662,30.697377,1
-82.2143018,36.3486529,1
-90.342199,32.005806,1
-94.512863,37.093069,1
-94.640583,39.050218,1
-96.535164,40.285106,1
-92.289345,34.763224,1
-97.053607,32.77585,1
-98.464639,29.3522,1
-100.904233,29.410891,1
-100.972708,35.526296,1
-105.060692,39.735897,1
-113.30613,43.631949,1
-118.278709,33.875777,1
-117.875765,33.865219,1
-118.140984,34.721923,1
-119.641645,37.350869,1
-119.783754,36.696968,1
-121.844374,37.286649,1
-122.186364,48.111625,1
-84.309163,34.876234,1
-81.5314408,33.914126,1
-80.0942165337296,26.9379959944299,1
-83.111736,43.050163,1
-91.5721507817535,41.6296918119285,1
-92.7807638981476,46.1889888631191,1
-93.753637,44.623582,1
-100.79075,47.154867,1
-89.032441,42.371222,1
-92.585086,40.241788,1
-96.865395,38.998584,1
-101.055265,39.347914,1
-97.8363659889491,41.2164370999968,1
-97.5147226,35.5468031,1
-95.52508,29.85035,1
-105.218364,35.582444,1
-109.280748863754,34.1330794199009,1
-108.508126731491,34.3432582082294,1
-105.6196533,33.3264625,1
-122.928227,40.71896,1
-122.574109,48.845847,1
-122.119043,47.847339,1
-118.031363,48.608837,1
-117.347683,47.661336,1
-89.529054,45.984409,1
-112.62784,45.228358,1
-115.752194,40.835661,1
-103.183857,44.077086,1
-87.88160905159,44.8969805988758,1
-89.888411,39.279495,1
-98.693971,39.118833,1
-117.833643,33.726848,1
-112.187957,41.711475,1
-123.184738,45.225424,1
-95.270816,37.522545,1
-98.56008,39.812503,1
-98.695114,39.449274,1
-86.0175803,45.9914557,1
-85.7197456613769,44.982323354484,1
-83.08423,43.341221,1
-85.4693144130761,46.30391259069,1
-71.305281,41.517681,1
-70.7709222,41.8029293,1
-102.482411,36.725918,1
-106.095106467688,35.022502272212,1
-107.872896,35.144611,1
-106.084812,35.018839,1
-108.757502329756,35.5751577697177,1
-107.312278509262,32.9529619560661,1
-106.814255,32.300976,1
-106.409135,32.033972,1
-108.267395,32.783081,1
-103.257604,34.405169,1
-104.221634,32.387567,1
-105.975998,32.960426,1
-111.354620169312,34.0932971100056,1
-85.6059943531647,44.7380162767256,1
-86.1002125899353,44.5947833990159,1
-93.2215546772461,36.6991590517042,1
-91.397578,39.684059,1
-90.488857,38.553231,1
-106.402658,31.909546,1
-121.651585623348,36.6989830826977,1
-119.627095,36.323778,1
-116.913877,47.710993,1
-86.100559,44.589747,1
-122.172864,48.11959,1
-80.087471,33.008394,1
-81.895527,33.655139,1
-86.571778,34.773256,1
-90.4911591018524,33.178518280153,1
-100.36133,44.37086,1
-99.6342842,47.6444489,1
-111.983488697098,47.6148260810766,1
-92.557267832016,38.3499316849275,1
-99.43794,36.438805,1
-98.62551,33.594606,1
-103.691055,39.262677,1
-112.296188,40.55255,1
-122.855072,42.404792,1
-122.451035,48.948679,1
-132.379680083328,56.4692517957436,1
-86.204247,34.266682,1
-89.138309,31.686789,1
-93.137943,35.245108,1
-82.93631,40.05948,1
-119.510665,48.416026,1
-84.8812457672119,35.1317627804165,1
-95.598724,37.040049,1
-96.416974,39.718307,1
-95.234062,39.008232,1
-98.21112,39.784439,1
-100.852907,37.480644,1
-85.664506,42.832995,1
-86.412936,43.953371,1
-105.59585224785,36.7378627401263,1
-105.599292192618,36.366715723407,1
-107.246225,33.132869,1
-103.340593,32.967399,1
-92.2588686957703,37.9222450496085,1
-89.9501099460278,36.7985149553052,1
-92.562059,38.34409,1
-91.065547,38.632992,1
-93.295227,37.157144,1
-92.140219,37.825324,1
-122.054223,37.636804,1
-120.04964,36.950158,1
-114.973815,41.105285,1
-115.629484,40.75121,1
-112.092479,33.44572,1
-95.584167,36.353369,1
-111.562946866236,33.4128399089807,1
-109.873272658722,32.2224479506347,1
-112.183952,35.262199,1
-72.578149,42.181436,1
-72.711945,42.11222,1
-72.514322,42.138924,1
-71.186058,42.198516,1
-70.938866,42.246005,1
-70.301508,41.665121,1
-71.272318,41.951997,1
-70.941909,41.66074,1
-71.3303894,41.9809283,1
-71.399194,41.70186,1
-71.440475,42.704754,1
-71.451746,43.014822,1
-70.776968,43.066864,1
-72.723925,41.724095,1
-72.664135,41.795556,1
-72.7941916957703,41.5343507152826,1
-73.458418,41.391202,1
-74.063833,40.739785,1
-74.3972135386231,40.4486375774428,1
-73.634055,40.658112,1
-80.211333,40.526297,1
-79.954447,40.516269,1
-79.964158,40.341375,1
-80.004231,40.516645,1
-80.205843,40.199432,1
-79.989521,42.153379,1
-78.389966,40.499992,1
-76.791595,40.320352,1
-77.6015608,39.9229631,1
-76.349328,40.092238,1
-76.994371,41.243146,1
-75.433108,40.625824,1
-75.672469,41.412464,1
-75.170627,40.113251,1
-75.218648,39.957666,1
-75.051064,40.052496,1
-77.452272,38.769923,1
-77.61155,38.797527,1
-76.940476,38.838171,1
-76.692348,39.34799,1
-76.728821,39.288452,1
-76.658173,39.261297,1
-77.734904,39.68898,1
-77.454863,37.556486,1
-77.475459,37.503362,1
-77.489022,37.577444,1
-77.442378,37.451199,1
-76.238445,36.789566,1
-76.148369,36.844557,1
-76.546967,37.13884,1
-76.379056,37.042846,1
-76.367622,36.808964,1
-77.377395,37.197927,1
-79.937022,37.2955311,1
-79.977533,37.304957,1
-80.009044,37.29681,1
-79.411721,36.594923,1
-81.668918,38.374699,1
-81.183334,37.806682,1
-81.552899,39.244688,1
-80.28085,39.266674,1
-78.64714,35.72547,1
-78.593763,35.820809,1
-81.111668,35.25632,1
-82.518149,35.579606,1
-81.063751,33.981128,1
-81.109128,33.982017,1
-81.012362,34.024807,1
-81.104319,34.047211,1
-80.935507,34.084679,1
-81.938369,34.972942,1
-80.024339,32.908145,1
-79.769085,34.202036,1
-84.22583,33.749436,1
-84.4880094865082,33.8248723807524,1
-84.230988,33.79028,1
-84.204327,33.904974,1
-84.12031,33.936021,1
-84.413272,33.557101,1
-84.061184,33.842699,1
-84.341682,33.857618,1
-84.286938,33.864748,1
-82.074659,33.469164,1
-81.740677,30.309943,1
-81.684997,30.388098,1
-81.558776,30.289022,1
-81.742219,30.239682,1
-87.240542,30.442762,1
-86.638392,30.430868,1
-82.325314,29.659612,1
-81.405843,28.661493,1
-81.287746,28.754746,1
-81.365676,28.609298,1
-81.334677,28.55433,1
-81.377038,28.504136,1
-81.438959,28.551981,1
-80.62201,28.115297,1
-80.726852,28.346861,1
-80.324703,25.8784,1
-80.200424,26.249825,1
-80.139242,26.2186,1
-82.289314,27.93731,1
-82.43922,27.963881,1
-82.518845,27.995738,1
-82.728703,27.808369,1
-82.728906,27.989719,1
-82.7871896,27.867681,1
-86.728521,33.562,1
-86.866486,33.504955,1
-86.789845,33.440542,1
-87.535354,33.167636,1
-87.017605,34.57716,1
-86.637551,34.73549,1
-86.030555,34.025938,1
-86.340492,32.345882,1
-88.128811,30.67927,1
-85.455132,32.62192,1
-86.719961,36.251407,1
-86.389596,35.862106,1
-86.568904,36.219753,1
-86.778633,36.134991,1
-86.884048,36.140596,1
-85.313368,35.032674,1
-85.21915,34.990254,1
-82.220955,36.59288,1
-83.97261,35.999905,1
-84.02858,35.931011,1
-84.144295,35.893982,1
-89.961313,35.086247,1
-89.886731,35.051569,1
-90.018291,35.021787,1
-89.883324,35.156709,1
-88.827415,35.616308,1
-88.677422,32.363752,1
-85.720367,38.1814,1
-84.612321,39.007025,1
-82.426417,40.097302,1
-82.983508,39.938742,1
-82.905265,39.956715,1
-82.94039,40.059485,1
-82.879865,39.916487,1
-83.668157,41.671071,1
-82.015608,39.930268,1
-82.119724,41.418151,1
-81.727211,41.470108,1
-81.387525,41.152247,1
-81.334295,41.237132,1
-81.218073,41.156473,1
-81.486049,41.102004,1
-84.403688,39.511958,1
-84.591462,39.238577,1
-84.327457,39.073461,1
-84.172943,39.762211,1
-83.824835,39.926878,1
-84.133445,40.755423,1
-86.121599,39.848997,1
-86.22093,39.809333,1
-86.148264,39.707455,1
-87.470114,41.488621,1
-86.296555,41.671669,1
-85.127096,41.078751,1
-85.754386,38.294297,1
-86.004718,38.264522,1
-84.8217,39.83365,1
-87.357,39.47424,1
-83.278765,42.455292,1
-82.915655,42.52831,1
-83.737314,42.234259,1
-83.403622,41.945195,1
-83.023111,42.434284,1
-83.653593,43.006557,1
-83.974541,43.458534,1
-84.549126,42.683876,1
-85.572424,42.281637,1
-86.4359586343933,42.0902999712578,1
-85.633492,43.026211,1
-85.573181,42.9133,1
-85.704193,42.915035,1
-87.938324,43.043536,1
-88.999215,42.691453,1
-89.502097,43.054595,1
-91.247163,43.853849,1
-89.613274,44.929573,1
-91.475037,44.821107,1
-88.552507,44.015715,1
-93.137634,44.955788,1
-93.02441,45.009006,1
-93.23668,45.149783,1
-92.48439,44.030825,1
-94.144245,45.574016,1
-94.142634,45.566092,1
-103.255668,44.084749,1
-108.469457,45.819742,1
-108.572077,45.783615,1
-111.046806,45.688156,1
-87.9212683558197,42.0236488207092,1
-87.703147,42.041376,1
-87.688178,41.600255,1
-87.746203,41.911872,1
-87.74721,41.958921,1
-87.583615,41.766351,1
-87.750927,41.850832,1
-88.994306,40.491139,1
-88.23472,40.116631,1
-89.685933,39.806744,1
-90.315377,38.799838,1
-90.347558,38.777908,1
-90.266613,38.619434,1
-89.555506,37.288958,1
-94.410752,39.100229,1
-92.349019,38.966223,1
-93.261109,37.229904,1
-94.668054,38.988019,1
-95.689621,38.997337,1
-97.275034,37.649657,1
-96.047094,41.212537,1
-96.051335,41.285855,1
-98.340395,40.90402,1
-90.243176,30.006852,1
-90.046877,29.967617,1
-90.092587,29.96311,1
-89.751435,30.284678,1
-92.069393,30.172869,1
-93.180004,30.224182,1
-91.110941,30.472995,1
-91.038888,30.462576,1
-93.775523,32.455797,1
-92.2632375,34.7592786,1
-92.180558,34.831727,1
-92.340035,34.669848,1
-97.431548,35.202983,1
-97.390557,35.435812,1
-97.591798,35.510859,1
-97.63109,35.553439,1
-97.526721,35.609805,1
-97.495571,35.404533,1
-95.886746,36.148825,1
-95.986658,36.159247,1
-95.975331,36.074887,1
-95.861207,36.089288,1
-96.990371,32.746089,1
-97.0103790312133,33.0502042569368,1
-96.653415,33.013038,1
-96.611527,33.669729,1
-95.865982,32.581777,1
-96.634258,32.351483,1
-96.4657355,32.121118,1
-96.852036,32.380016,1
-96.88043,32.856957,1
-96.724451,32.793288,1
-96.875512,32.706231,1
-95.0120417,33.1649104133968,1
-95.560593,33.627921,1
-95.2183,33.16374,1
-94.719002,32.998939,1
-95.872096,32.202382,1
-95.458688,31.30506,1
-94.199453,31.818815,1
-94.672903,31.665855,1
-97.146715,32.736576,1
-97.15356,32.583037,1
-97.776932,32.70841,1
-97.321323,32.708106,1
-97.399138,32.79679,1
-97.204346,32.841069,1
-97.134351,33.196607,1
-97.835833,33.551185,1
-97.295963,33.087743,1
-97.731178,33.79977,1
-98.497836,33.920282,1
-98.532658,33.882771,1
-98.4543539940567,33.9015285906681,1
-98.611983,33.093112,1
-98.125407,32.528238,1
-97.475508,31.028231,1
-96.484639,31.701195,1
-97.169273,31.52894,1
-99.335654,31.117996,1
-98.567344,31.46793,1
-95.188511,29.77029,1
-95.262951,29.841582,1
-95.504232,29.68976,1
-95.644866,29.68574,1
-95.467504,29.804408,1
-95.63561,29.898444,1
-95.4578241435165,30.2992433675117,1
-95.626182326181,30.0714348450188,1
-95.437741,30.073148,1
-96.0155972846581,28.9844890030433,1
-96.2706700701141,29.8454154883778,1
-95.569144,29.028093,1
-95.957393,29.778203,1
-95.5632799,29.5918718,1
-95.819677,29.532978,1
-95.159918,29.685153,1
-94.96447,29.751333,1
-95.137735,29.777068,1
-95.331049,29.554259,1
-94.382951,29.786063,1
-94.133469,30.065031,1
-96.1247157,31.1470823,1
-96.953084,29.430898,1
-98.752098,29.792388,1
-97.8573306428528,28.8134931614565,1
-98.123774,29.68708,1
-98.031453,29.635351,1
-97.965489,29.595579,1
-98.402288,29.553334,1
-98.409022,29.508561,1
-98.522786,29.35631,1
-98.403859,29.398267,1
-98.397898635582,29.3112483643593,1
-98.644467,29.399407,1
-98.627153,29.5083,1
-97.390793,27.719774,1
-97.420669,27.760943,1
-97.42975,27.729706,1
-98.097388,26.292093,1
-97.957884,26.151883,1
-98.250296,30.760529,1
-97.841503,30.545424,1
-97.841653,29.84603,1
-97.764993,30.221839,1
-97.7177073,30.2971071,1
-97.682805,30.365616,1
-97.728,30.369936,1
-96.778181,29.702772,1
-102.206111890244,35.2086934830137,1
-102.527128,36.068689,1
-102.4055721,34.8261172,1
-100.024736,36.120101,1
-103.043038,34.391874,1
-99.962804,31.958895,1
-101.804278509262,32.1321377049003,1
-106.241724,31.598127,1
-102.401102,30.142273,1
-105.079996,39.810594,1
-104.827797,39.740617,1
-104.8666,39.705021,1
-105.025261,39.842034,1
-105.024359,39.674193,1
-105.01878,39.711528,1
-104.958094,39.833756,1
-105.099723,39.681789,1
-105.28149,40.058933,1
-104.81853,38.876658,1
-104.757291,38.849398,1
-104.6132315,38.3099323,1
-108.404659,43.024261,1
-106.373866,42.847149,1
-112.449264,42.87105,1
-114.451025,42.549067,1
-116.283375,43.65012,1
-116.244106,43.614602,1
-117.031909,46.732712,1
-111.887747,40.655728,1
-111.902655,40.725184,1
-111.986981,40.667924,1
-111.981369,41.201538,1
-111.668981,40.250645,1
-112.024775,33.495974,1
-112.061415,33.570846,1
-112.099355,33.573287,1
-111.766491,33.414541,1
-111.841491,33.407389,1
-111.886091,33.538866,1
-111.887936,33.415376,1
-111.910607,33.438236,1
-111.970109,33.342541,1
-112.167546,33.538737,1
-112.201435,33.639472,1
-110.979235,32.291396,1
-110.857425,32.192544,1
-111.052012,32.338011,1
-106.57627,35.077034,1
-107.25486,34.113322,1
-106.768462,32.294066,1
-115.121108221149,36.2020056026851,1
-115.1231487,36.1605644,1
-115.20878,36.150447,1
-115.168523,36.176416,1
-115.058298,36.106441,1
-119.797219,39.492311,1
-119.767768,39.436336,1
-119.751515,39.173099,1
-118.308645,34.043302,1
-118.265792,33.98873,1
-118.15702,34.022744,1
-118.291148,33.934865,1
-118.309261,34.007712,1
-118.317844,33.902505,1
-118.208987,33.921786,1
-118.309614,33.831062,1
-117.994114,33.931502,1
-117.939756,33.925537,1
-118.159075,34.185844,1
-118.255612,34.129189,1
-118.750299,34.145236,1
-118.467553,34.224858,1
-118.34875069259,34.2113601896716,1
-117.964315,34.068602,1
-117.950079,34.106326,1
-117.56332,33.874774,1
-117.907075,34.098237,1
-118.041255,34.062553,1
-117.91111,34.007837,1
-117.637591,34.063561,1
-117.750613,34.087045,1
-117.775428,34.061621,1
-118.073674,34.084034,1
-117.088151,32.654061,1
-117.039878,32.72433,1
-117.372747,33.188631,1
-117.044492,32.957143,1
-117.136349,32.895817,1
-116.208175,33.714893,1
-116.980854569311,33.9254939448618,1
-117.016789,34.898112,1
-117.438017,34.106384,1
-116.971235,33.752466,1
-117.208493,34.068433,1
-117.260946,34.12165,1
-117.4445,33.917138,1
-117.351057,33.98873,1
-117.91116,33.828214,1
-119.177073,34.171791,1
-119.14503,34.207462,1
-119.163497,34.252121,1
-119.04227,35.390632,1
-118.129499,34.649171,1
-119.495479,37.060732,1
-119.659649,37.333913,1
-119.263226,36.548498,1
-119.757289,36.735494,1
-119.789643,36.825047,1
-121.069404,36.189408,1
-122.073276,37.381255,1
-122.264142,38.235406,1
-121.905313,37.703602,1
-122.347453,37.94772,1
-121.946306,37.268914,1
-121.876098,37.293218,1
-121.271676,37.983403,1
-121.236627624329,37.9344560302209,1
-121.300836,38.019271,1
-121.259876,38.140011,1
-120.320855,37.960389,1
-121.18512,37.777462,1
-120.483328,37.295859,1
-120.994992,37.633522,1
-120.6109796,38.4155472,1
-120.812719,38.70224,1
-121.257558,38.615778,1
-121.97293,38.360124,1
-121.532149,38.580781,1
-121.429039,38.610428,1
-121.428202,38.549064,1
-121.475556,38.556839,1
-121.434564,38.50972,1
-121.573934122685,39.4884895978538,1
-121.63874,39.141135,1
-122.367668,40.570499,1
-120.542993,41.491242,1
-157.897094,21.335613,1
-122.823718,45.489968,1
-122.959141,45.530018,1
-122.587352,45.549315,1
-122.749308,45.439641,1
-123.259127,44.573782,1
-123.348187,43.2241,1
-122.88766,42.348517,1
-121.757847,42.204739,1
-122.220646,47.298981,1
-122.250962,47.7588,1
-122.312388,47.824898,1
-122.3738053,47.6634224,1
-122.285289,47.545239,1
-122.377143,47.545043,1
-122.34622,47.74906,1
-122.29588,47.421994,1
-122.217746,47.938948,1
-122.486362393918,48.805858680547,1
-122.454242,47.250567,1
-122.434182,47.117172,1
-122.865678,47.046482,1
-122.945184,46.12026,1
-122.600802,45.640653,1
-122.6373006,45.6372327,1
-122.6621,45.681549,1
-120.500158,46.588969,1
-117.4121938,47.6532769,1
-117.209904,47.657317,1
-117.41306,47.737402,1
-119.133935,46.241332,1
-95.231428,29.664705,1
-75.3283165264587,41.0283246232818,1
-96.4598751865082,33.9104570879153,1
-97.935952,34.999205,1
-97.1826013078651,35.4928485151616,1
-96.388839,35.087227,1
-97.337504,35.015328,1
-95.1718867,36.1998809,1
-97.423096,35.224795,1
-97.316992,35.417192,1
-97.661313,35.462048,1
-95.394441,36.307255,1
-96.709356,35.257806,1
-96.9113461926178,35.3913014004739,1
-98.7171825714111,35.5221070561295,1
-111.937435,40.810611,1
-111.896345,40.861884,1
-111.8951005979,41.9570696446982,1
-111.897151,40.71225,1
-112.019184,41.21147,1
-111.905128,40.796302,1
-114.0756632,40.7326313,1
-105.928387412373,40.0844882332166,1
-95.0222338822784,41.4088544672711,1
-88.092611,44.444542,1
-88.226144,41.25572,1
-88.954648,39.869986,1
-87.869992,41.101504,1
-86.6201283227539,41.2709174739226,1
-88.078716,42.416937,1
-88.703976,41.354657,1
-87.8125,40.114198,1
-88.644287,40.886754,1
-87.150883,40.952621,1
-88.181229,40.114285,1
-89.113837,38.976227,1
-87.700541,40.775553,1
-88.431897,42.302938,1
-100.880065,46.82805,1
-100.761275,46.806717,1
-112.126267,33.487393,1
-111.909331,40.68657,1
-86.224042,31.265047,1
-92.358558,33.111701,1
-120.415997,34.952606,1
-120.693573,35.588058,1
-120.676147,35.264698,1
-90.139678,29.958471,1
-97.582962,36.439746,1
-98.1031562,30.0010019,1
-97.778233,33.220598,1
-101.841395,33.51891,1
-93.966133,29.981873,1
-102.818785219574,33.0168811658951,1
-102.560969779098,32.3104753140531,1
-102.235437,31.911507,1
-99.9568846759186,31.7292209178865,1
-102.296958245849,34.5496772174952,1
-101.77679,34.542134,1
-99.501083,32.413531,1
-100.785819056939,36.3973795534973,1
-98.856829,30.262802,1
-98.093736,32.853728,1
-102.75895,33.729553,1
-97.514844,30.22844,1
-97.256039,30.929257,1
-97.448338,30.564966,1
-96.898345,29.678686,1
-99.777575,30.499339,1
-98.415033,29.505731,1
-94.935262,32.740686,1
-98.884586,32.75568,1
-97.097971,33.234198,1
-101.846233,33.60725,1
-97.704987,31.10631,1
-98.156535,29.130883,1
-94.327662,32.145234,1
-100.969887866655,35.5263030093637,1
-101.2948677,34.474596,1
-98.798357,29.232403,1
-97.543358,32.891567,1
-93.903221,29.928213,1
-99.175665,33.178402,1
-102.383772,33.592816,1
-99.3439010925598,34.1914923685907,1
-95.766232,32.872558,1
-95.8507823558197,32.6051275982511,1
-97.876124,32.729228,1
-94.6822891031799,31.9176256995239,1
-96.096047,30.3844,1
-101.981886,35.866282,1
-97.919389,30.671658,1
-95.488577,32.642912,1
-95.33977,32.339242,1
-100.849906786508,32.4101411507798,1
-94.353822,32.514446,1
-98.559952,34.099706,1
-97.001928,30.41079,1
-102.321333,33.916862,1
-94.920736,30.744702,1
-98.17701,29.847461,1
-101.947415,32.729351,1
-96.938418,30.179593,1
-97.251999,33.278893,1
-102.115787,34.379494,1
-98.398613,30.269376,1
-95.837541,29.784998,1
-102.718154,34.639167,1
-99.239906,30.076251,1
-95.042298,33.611657,1
-99.199717,30.073331,1
-98.6815876,32.4459266,1
-101.203127,36.193297,1
-95.896376,33.275557,1
-96.0724463716888,33.1464762022326,1
-98.1626147129669,29.6693008001002,1
-95.4334207,30.12765,1
-97.1240226886078,31.4926462971137,1
-98.383448,29.421124,1
-95.8297745589385,32.1481771591971,1
-97.110595,32.534159,1
-96.579747,33.664592,1
-97.181279,33.348286,1
-98.13459,31.67839,1
-100.2093358,30.0156904,1
-100.383583,35.917317,1
-101.457603,32.259916,1
-97.794538,33.29121,1
-96.693633,29.486216,1
-99.763526,29.719507,1
-101.816938528836,35.2010752986315,1
-97.082296,32.630437,1
-95.571714,33.151786,1
-98.686215,33.819385,1
-95.103907,29.479017,1
-98.2873086,26.2047866,1
-99.72987,32.447991,1
-101.898735,35.133953,1
-102.285246,33.178963,1
-95.21223,30.154117,1
-89.045448,42.48629,1
-78.3613938280334,35.2396591005814,1
-78.904307,35.018814,1
-119.199721763229,39.4294381625476,1
-81.22003,34.022583,1
-85.0030817949677,34.7858255766619,1
-86.057596,41.039232,1
-99.563867,46.259418,1
-97.71603,30.359681,1
-109.044431,44.514226,1
-86.2213614,37.4953332,1
-85.02051,36.197866,1
-86.863253,36.555734,1
-96.904816,33.697097,1
-82.4240483227539,29.9347462393424,1
-133.133806304291,55.4771227119056,1
-81.083037,33.928811,1
-100.000197,48.370867,1
-83.624536,41.724918,1
-103.669982,41.855529,1
-104.19366,42.067181,1
-103.099173,41.667883,1
-85.18092,33.790729,1
-83.3951706256561,34.8777631613271,1
-83.761408,34.558527,1
-84.77525,33.739385,1
-85.276451,34.734529,1
-85.146333,34.002203,1
-81.753838,36.238903,1
-80.273422,35.826836,1
-80.871922,35.817686,1
-83.2051307962952,35.3708213168205,1
-83.062886,34.764157,1
-82.6661223875579,34.4554978286704,1
-85.895408,33.779694,1
-87.6835953227539,30.45122240954,1
-89.807664,31.243569,1
-88.899473,30.443232,1
-89.2887022989197,31.3415745710573,1
-88.758392,30.407056,1
-89.146832,31.684991,1
-88.540093,30.378003,1
-88.935396,31.357735,1
-78.708617,35.790886,1
-86.457291,32.541176,1
-90.826989,32.344957,1
-119.341043,36.544967,1
-83.001689,35.528241,1
-117.330802,33.134357,1
-97.172312,40.128179,1
-98.60113,35.106876,1
-120.69194,35.629536,1
-82.373198,38.441009,1
-72.207824,44.935413,1
-76.245672832016,36.7894933314697,1
-83.37166,41.925424,1
-90.60959,41.443053,1
-96.8311698,46.8322432,1
-117.4119492,33.92399216,1
-93.704316,32.913619,1
-88.89143,43.8084709894821,1
-86.155445,40.481309,1
-103.196413,34.375479,1
-106.806142,32.311601,1
-104.515903,33.3697,1
-76.503782,37.280029,1
-95.8337,36.13307,1
-95.922329,36.115018,1
-81.781965,26.33137,1
-96.671325777771,40.9837447524514,1
-118.234484,34.020214,1
-118.426241,33.941654,1
-85.407826,40.169886,1
-76.6744609,42.5497889,1
-88.1857023576721,41.8421803,1
-77.414227,38.979683,1
-78.282861,39.228606,1
-108.506,39.07697,1
-111.889756,40.687717,1
-77.425571,38.991319,1
-85.060446,41.439539,1
-82.009496,39.916996,1
-82.170445,40.0996404,1
-114.276585,48.21793,1
-114.20430235582,48.3709327123041,1
-115.057263,48.890453,1
-101.419709,47.647327,1
-100.404037,48.339287,1
-101.020524,48.908668,1
-100.448027,48.82029,1
-108.389641830689,36.7507584553356,1
-85.175865,32.834208,1
-86.1913624920654,32.5589136223612,1
-86.804213,33.308346,1
-86.061583,33.977519,1
-85.344487,33.523013,1
-85.3625296233482,33.1493015225592,1
-87.624929,30.625087,1
-87.683128,34.728833,1
-85.700555,32.113793,1
-86.687602,34.703524,1
-85.665144,34.698721,1
-88.057803,30.691164,1
-86.401207,32.401123,1
-85.845525,33.589379,1
-86.819,33.70253,1
-87.777298,31.71278,1
-86.1281676674591,34.146333179257,1
-85.6691191264587,34.1475209863693,1
-86.62256,32.81419,1
-86.495922,34.283763,1
-85.541642,32.601011,1
-90.249563,32.302285,1
-101.350793682001,48.2240711225876,1
-75.582789,40.407344,1
-88.088138276474,43.3228274679765,1
-88.043999,43.236744,1
-85.893167,35.616462,1
-85.741927,33.313855,1
-84.2479416455078,43.7160789842847,1
-110.026773,34.25538,1
-97.145928,31.507287,1
-98.482839,33.890405,1
-96.5210962910156,32.9933379756399,1
-97.729693,26.185518,1
-93.997085,30.924148,1
-99.812208,33.41786,1
-97.051691,33.140922,1
-94.8066728465576,32.5694553034454,1
-94.198144,30.249583,1
-98.277564,30.545691,1
-95.192748,30.192618,1
-95.101421,30.814528,1
-98.954138,29.730072,1
-96.428622,28.444955,1
-96.826422167984,33.2213515229946,1
-99.714173,32.446213,1
-99.734285,32.499404,1
-103.6725685,30.3834315,1
-95.247529,29.425724,1
-95.8265665056996,32.196161478812,1
-94.993189,29.495853,1
-96.177119,33.601009,1
-98.9819872778015,32.3755621787949,1
-96.82391,32.663162,1
-98.268653,32.179158,1
-96.463098,32.754633,1
-96.729245,40.813247,1
-119.125507,46.212615,1
-97.9581018184547,34.6587672846234,1
-82.511115,34.798883,1
-78.888825,38.311515,1
-122.228971,47.276811,1
-89.148942,45.164132,1
-92.076813,46.7243,1
-94.290524,46.418986,1
-93.046578,44.777231,1
-89.874106,34.992283,1
-82.370008,35.911234,1
-79.747955,36.12672,1
-89.306125,39.561728,1
-88.2442106772461,39.2643241613476,1
-88.188064,40.115073,1
-97.335427,37.773795,1
-85.5503466428528,38.068343435678,1
-81.738631,30.382211,1
-80.2196310613613,27.1662743791623,1
-90.778179,42.446375,1
-91.401672,40.413026,1
-91.462305,42.473102,1
-88.537445,39.117958,1
-90.69364,35.844593,1
-114.591033222229,32.6989308280261,1
-78.759114,35.597609,1
-90.07441,43.79442,1
-115.08111,36.244427,1
-124.054021,46.360747,1
-120.876988539673,37.5225149699891,1
-103.509417923943,44.4011917107825,1
-120.693132046029,35.691721427043,1
-106.813876,32.310818,1
-121.901473134918,37.9221353529609,1
-82.305992,26.916786,1
-82.519547,35.549216,1
-115.207416631947,36.1005061783181,1
-84.155358,40.76418,1
-115.044956,36.081751,1
-115.171191,36.033031,1
-115.063369,36.168655,1
-118.011744,33.873634,1
-77.62351,35.28676,1
-90.712843,42.852394,1
-89.075369,44.361629,1
-91.5539758220901,44.1317942894074,1
-112.117698732471,33.4392023146193,1
-104.670836,40.425968,1
-72.6732969338684,41.2886806452941,1
-80.110291,26.275787,1
-80.4099333644221,40.5611708131209,1
-80.095189,40.791572,1
-94.446901,45.603613,1
-94.157192,45.580643,1
-94.546646,47.056492,1
-113.59632,37.11799,1
-109.989348,40.294526,1
-88.8254317613704,33.4358603093434,1
-89.303764,30.466635,1
-90.152018,30.848115,1
-97.317792,30.105403,1
-91.618663,35.805426,1
-93.135354,36.234511,1
-92.02994,35.503316,1
-92.119638,35.868276,1
-119.663729,37.333214,1
-120.871189,38.680044,1
-116.451284,34.121482,1
-104.708806014542,38.3266862507962,1
-111.875295,42.090536,1
-85.193588,44.931272,1
-85.483487,43.629226,1
-85.36383,44.574413,1
-84.697043,45.004066,1
-85.216444,44.281765,1
-91.059739,38.573301,1
-89.518184,30.818796,1
-80.57447494841,35.3786638628829,1
-76.629016,36.085488,1
-84.025147,35.101832,1
-73.29003,40.763364,1
-82.015387,35.011361,1
-80.214255,33.679004,1
-81.68309,33.392623,1
-119.261093,47.141107,1
-74.933472,41.2831442,1
-79.2825315820313,35.7323682756111,1
-77.553102,35.883178,1
-73.558148,40.780796,1
-116.189111,43.571467,1
-116.654152,43.661137,1
-89.74617,31.869876,1
-89.7901348465576,32.3151392828104,1
-89.287784,32.004818,1
-84.240701,31.633203,1
-103.665478,41.238235,1
-86.183491,41.657471,1
-122.072536,38.001646,1
-123.002176,44.975665,1
-77.455649,38.902775,1
-77.394404,37.244834,1
-77.472365,38.728447,1
-91.610331,44.036144,1
-92.090953,43.216655,1
-117.834212,34.107189,1
-112.254508593918,33.5522305849453,1
-112.151381,33.6541983142167,1
-111.633483,33.39392,1
-111.926419,33.607168,1
-111.995746,33.414786,1
-91.666561,39.505882,1
-94.529793519574,39.1395594999905,1
-117.248825,33.939242,1
-90.27892,29.979,1
-93.452217,45.228546,1
-93.5739618954926,44.8049884506326,1
-68.524744,44.473961,1
-71.229576,41.858677,1
-84.1134810859833,39.0656632275853,1
-73.580334,42.907221,1
-73.855453,42.982234,1
-123.166612,45.230177,1
-122.76843,38.425827,1
-81.174587,37.794832,1
-77.510404,38.150107,1
-122.289984,47.506317,1
-78.874287,38.440995,1
-76.502244,37.10804,1
-70.590257,43.697406,1
-77.65186,43.120818,1
-81.680515,41.429287,1
-84.002405,41.577473,1
-84.364705,39.36325,1
-88.809517,43.011162,1
-87.917731,42.918289,1
-121.538165,38.617005,1
-105.016297,39.739405,1
-104.81101,39.77216,1
-105.173743,39.729583,1
-87.0509243998385,41.4571895982436,1
-93.383918,36.75448,1
-87.498807,37.991779,1
-83.03703,42.469321,1
-82.981017,42.8211,1
-88.039553,41.890853,1
-84.548462,42.744228,1
-84.468722,42.59413,1
-105.217486,35.58163,1
-105.363492174274,35.9851958881245,1
-82.083521,33.514307,1
-76.770465,34.727533,1
-111.978877,33.406816,1
-78.702079,35.85199,1
-117.048075,34.862189,1
-73.44976,41.398261,1
-77.329518,34.672015,1
-96.37363,34.016479,1
-112.590097,33.427494,1
-87.7923145,36.869589,1
-87.545167,37.354292,1
-88.301188,36.6259,1
-87.930858,37.10851,1
-75.887832,39.339764,1
-112.030435,33.677303,1
-118.285598,33.868072,1
-118.257312,34.031714,1
-118.486698,34.220778,1
-104.830377,39.908033,1
-83.747924,42.232979,1
-82.922503,39.996278,1
-121.186296,44.248312,1
-122.035614,38.288085,1
-81.025125,34.065015,1
-97.810292,30.276395,1
-97.858188,30.52697,1
-95.458702,30.29446,1
-95.051686,29.46366,1
-95.205568,29.527523,1
-97.113963,32.919588,1
-97.9414691,26.1552655,1
-98.110553,29.656557,1
-93.879209997345,30.1146023044371,1
-95.158402,30.235973,1
-119.3432515,46.9652135,1
-117.185047,33.760846,1
-83.490046,42.388337,1
-83.224748,42.215566,1
-83.042555,42.578731,1
-74.384605,41.397445,1
-79.3416820616242,41.1728884797959,1
-82.079513,34.193361,1
-87.046605,35.192302,1
-97.122901,32.705422,1
-97.812681,30.231971,1
-97.68837,30.324043,1
-97.769888,30.182031,1
-97.3348237,30.1083955,1
-102.1794492,32.022583,1
-97.687927,30.219269,1
-87.845309,41.161603,1
-87.801696,41.725386,1
-88.1181049417725,41.5686410322267,1
-87.734927,41.649763,1
-88.2925938153442,42.2290432227403,1
-87.6227554655762,40.202897431685,1
-87.581771,41.624425,1
-88.558617,39.141026,1
-89.629456,42.262789,1
-90.356918,40.98183,1
-87.8593599153442,41.7787550257653,1
-88.145117,41.519382,1
-87.8731907592468,41.9082505065822,1
-89.594602,40.543632,1
-89.63482,40.799221,1
-88.200327,41.638841,1
-91.328005,39.941219,1
-88.981764,42.244838,1
-89.648079,41.819738,1
-89.459989,40.709134,1
-87.982365,41.810585,1
-88.438626,41.66473,1
-83.32976,44.42888,1
-89.17677,33.314583,1
-90.4987239656067,33.1712603351754,1
-90.058086,32.365723,1
-90.45174,31.601828,1
-90.420303,31.54648,1
-89.348802,33.989338,1
-88.528738,31.542939,1
-89.534861,32.727577,1
-90.564232,34.204011,1
-90.7235838650818,33.7380458342472,1
-89.9666575925903,34.6989128315893,1
-88.5244757269966,34.935870140661,1
-88.521462,34.931649,1
-90.3264310502625,31.9978896747764,1
-90.605301,32.329072,1
-90.135176,32.18384,1
-91.005215,33.3998967,1
-90.15086,33.52443,1
-89.780512,33.779073,1
-90.377463,31.875858,1
-89.024906,33.894712,1
-89.5636844431305,33.0675093256491,1
-90.04713,33.11176,1
-90.8355029206543,31.1622491726846,1
-90.4580659338684,31.2275818410976,1
-90.8965792601405,31.4719356060952,1
-88.701769,32.353505,1
-88.693893,32.357349,1
-89.119198,32.770874,1
-89.9767574772461,32.8780963622429,1
-89.939004945633,34.2167461541172,1
-89.8757156423279,31.5873330821602,1
-89.412504,31.154057,1
-89.6499912658539,34.1320660315008,1
-89.736679,33.493757,1
-96.644691,40.893561,1
-76.337784,40.367958,1
-91.546992,44.831298,1
-81.986293,33.48283,1
-80.994416,35.243046,1
-80.744539,35.171258,1
-80.739385,35.201663,1
-80.876795,35.16712,1
-80.897939,35.241235,1
-80.82945,35.236469,1
-80.247802,36.095138,1
-79.941142,32.793608,1
-82.424724,34.802452,1
-82.380157,34.866991,1
-80.020287,32.855049,1
-84.625916,38.857848,1
-74.313151,41.771445,1
-86.77941,33.63137,1
-86.854251,33.09557,1
-83.728631,32.8308,1
-91.272468,41.329024,1
-86.419627,32.194234,1
-87.0079883200989,33.4544850804163,1
-92.223969,30.401001,1
-93.367743,30.311911,1
-82.553284,35.626843,1
-79.99871,36.093842,1
-79.354106,36.072103,1
-80.609583,35.504228,1
-80.35705,34.985747,1
-80.283069,36.214083,1
-82.565443,35.704209,1
-78.714,34.299878,1
-77.873964,35.746035,1
-73.462166,44.033647,1
-74.869904,42.837537,1
-79.870758,32.839327,1
-86.368984,36.181509,1
-86.307065,36.171376,1
-84.3717517314911,35.5148032723873,1
-84.479472,35.59118,1
-104.728043222229,38.3319541382876,1
-83.312008,42.260689,1
-114.064508,48.386174,1
-114.334597,48.399372,1
-80.615319,36.487354,1
-80.131741560791,36.3141705267328,1
-78.980875,43.104675,1
-97.166668,34.200235,1
-95.831195,36.163275,1
-80.283828,36.652526,1
-88.412521,44.317101,1
-121.472045,38.495045,1
-117.180829,32.740808,1
-117.140075,32.835247,1
-75.721034,39.460978,1
-88.066566,41.704658,1
-87.74175,41.847591,1
-88.688219,41.889193,1
-88.141708,42.006469,1
-88.94791,40.525581,1
-95.5569554085356,38.7786699336719,1
-80.267465,39.35805,1
-122.130035,37.637301,1
-121.396192,38.487249,1
-90.453071,41.469449,1
-89.607985,39.838948,1
-88.4255933121948,42.2918830926779,1
-94.763102,38.91841,1
-71.344342,42.603512,1
-99.777778,36.135216,1
-96.123797,34.384344,1
-95.696694,36.015447,1
-94.7519240711758,33.9651457756545,1
-98.1188403846439,35.6018498639773,1
-96.250364,34.968232,1
-99.2757014404754,35.4119615824928,1
-96.2247179881134,34.5154640071509,1
-95.960961167984,35.6613580185435,1
-94.968373,35.808765,1
-98.9239964649429,36.1510697477323,1
-96.743595,36.504541,1
-97.076571,36.485395,1
-96.846461,34.623169,1
-96.103055,36.133427,1
-96.670336,35.244904,1
-94.6439549990586,34.4667837454367,1
-95.0992586957703,35.260266622481,1
-96.9666283441803,34.7967233188044,1
-97.0017946846597,34.5070690189181,1
-95.380678,35.959439,1
-97.0325263539791,34.9631734289411,1
-97.0610197876969,35.6813062918724,1
-98.451154,29.881962,1
-118.496176,34.011259,1
-76.921936,38.997848,1
-73.928773,41.663631,1
-95.64077805159,34.2350891707847,1
-96.002084,36.735839,1
-94.7394768048935,34.0411677261941,1
-98.423162,36.899748,1
-95.3456045310745,34.5957189680056,1
-96.4474576954926,36.2864975812654,1
-97.6059757711443,35.9569636319139,1
-97.1254634540367,34.5029278392398,1
-98.337053,34.782693,1
-98.28386,34.790495,1
-95.611511,35.28772,1
-99.0202417865239,34.385943353971,1
-101.4705,36.682398,1
-97.8993273401978,36.1164926674387,1
-96.3886296587219,36.4047267738962,1
-95.5418657846675,34.02198552308,1
-94.82666,33.884674,1
-98.678375,34.623138,1
-99.8906106269836,36.7232764029337,1
-98.388733,34.593137,1
-97.587434,36.145542,1
-97.4224131045074,34.8177534456893,1
-95.6923149153442,34.8998244157639,1
-96.9667784,34.7980482670535,1
-96.335312,36.662987,1
-97.03394,35.972385,1
-118.176446,35.063182,1
-123.168516,44.102657,1
-123.017355,44.925174,1
-83.969116,35.84029,1
-86.813605,35.968595,1
-85.259857,35.114706,1
-87.294149,36.589396,1
-86.619661,36.305774,1
-83.869347,36.010769,1
-90.007134,35.199739,1
-89.908895,35.34187,1
-86.7292736,36.086442864729,1
-119.045879,34.355546,1
-80.2149400281029,25.8838551397228,1
-76.224619,36.755694,1
-80.898475,36.678756,1
-114.624863376652,32.7134036168943,1
-116.302277,33.757455,1
-83.515717,31.454244,1
-89.9790601041603,38.5020662985917,1
-86.247414,39.378419,1
-83.236044,40.839972,1
-96.902440555542,35.6958602789973,1
-95.905057,36.141027,1
-95.461454,29.818806,1
-95.433028,29.669699,1
-95.551575,29.786144,1
-95.527944,29.860303,1
-95.553095,29.664571,1
-95.578598,29.705135,1
-95.480717,29.939113,1
-95.652803,29.733729,1
-95.427937,30.00481,1
-95.479265,29.999555,1
-95.385102,30.019891,1
-95.565334,29.944007,1
-95.2538455,30.0383028,1
-95.1124,29.498087,1
-95.562158,29.609442,1
-95.30258,32.35372,1
-95.3187949,32.9807152,1
-77.459721,38.343293,1
-87.836742,42.628224,1
-94.157543,44.768858,1
-104.721094,38.862502,1
-76.909097,42.316373,1
-76.566283,38.933685,1
-104.796179,37.958398,1
-93.791275,36.419958,1
-83.1148358002777,40.0132315869922,1
-93.402643,37.199194,1
-79.506747,37.6767884,1
-93.08075,34.1211,1
-86.710409,36.37385,1
-96.500265,42.533381,1
-88.928237,38.013344,1
-76.710786,37.362569,1
-97.796423,32.725002,1
-82.168477,38.432895,1
-81.004196,36.933124,1
-82.1196688703918,29.9322038594116,1
-75.535079,39.710172,1
-75.593115,38.367057,1
-88.092249,37.331171,1
-83.729161,42.793554,1
-83.820546,43.061034,1
-83.735523,43.12127,1
-83.782661,42.974314,1
-121.515606,38.242778,1
-106.136449,38.824587,1
-96.918162,32.950888,1
-77.57094,43.239997,1
-73.646191,40.613916,1
-117.933158,34.133319,1
-71.399024,42.143709,1
-84.2677685436554,39.6409375360261,1
-77.659377,43.0443,1
-87.88108,43.391288,1
-84.937073,42.276007,1
-79.155712,37.405855,1
-96.844186,46.833606,1
-111.859751,33.443464,1
-118.238742,34.027082,1
-84.375601,43.005477,1
-95.5928122235565,33.6775566008417,1
-84.383554,39.222156,1
-70.257538,43.670522,1
-122.41536,47.241719,1
-122.243739,47.458167,1
-122.300269,47.666669,1
-122.176894,47.703563,1
-122.240041,47.910004,1
-107.083699561832,37.2502289382165,1
-105.707691,35.5709,1
-85.853759,41.263374,1
-109.435644,47.090479,1
-105.494962,44.283556,1
-114.036145,46.907496,1
-114.09581,47.518014,1
-113.141722,46.665663,1
-83.587838,41.692084,1
-104.562978,48.774714,1
-107.601674,45.732152,1
-108.913573,45.297417,1
-105.179408,40.189064,1
-89.84005,33.860966,1
-91.226449,43.851658,1
-83.933126,42.59722,1
-107.998966,36.812006,1
-97.146785,44.00769,1
-69.983464,41.845605,1
-81.724672,33.532835,1
-96.712429,40.792148,1
-96.624609,40.784658,1
-69.853698,44.800429,1
-75.574232,39.217735,1
-70.711548,43.409522,1
-76.748137,37.96701,1
-72.609124,41.824591,1
-71.136908,42.729631,1
-96.624614,40.820856,1
-77.050157,39.865759,1
-119.777613,36.729834,1
-81.6813913743439,30.8006405897708,1
-77.386967,37.352238,1
-77.526019,38.767154,1
-76.286949,36.861877,1
-77.50852,37.503819,1
-78.087058,39.290213,1
-80.992862,36.935637,1
-122.233568,47.386713,1
-122.558217,45.555682,1
-117.141195,33.14165,1
-95.597034,45.314149,1
-104.868073,40.401304,1
-82.321149,28.325785,1
-92.230606,46.837607,1
-85.96927,36.500525,1
-81.509612,35.14224,1
-80.666404,33.417012,1
-79.095198,41.172593,1
-104.854103,41.097996,1
-120.537588,46.970689,1
-79.702003,34.266612,1
-80.946286,36.944926,1
-102.8847554,30.905751,1
-105.495273,44.277369,1
-111.187294,45.765091,1
-88.5660977116394,39.1340031862306,1
-92.252617,42.46019,1
-90.097911,38.575123,1
-117.080852,34.854593,1
-83.966416,40.83257,1
-81.577392,31.140502,1
-83.321912,34.346914,1
-82.697252,38.365119,1
-104.707315,41.135919,1
-83.746863,31.959706,1
-114.523753374344,33.6018615940398,1
-110.977867,41.264868,1
-87.171978,36.026662,1
-80.3982518968201,27.4489383782236,1
-89.136943,30.421627,1
-81.6390891,28.1181688,1
-107.610834,45.742773,1
-87.294584,41.288279,1
-92.5605,44.963029,1
-83.538694,39.64633,1
-114.442418,42.6496639117209,1
-94.429518,37.056418,1
-94.496605,39.131038,1
-78.147115,35.57376,1
-114.006753,35.219585,1
-84.235647,35.881382,1
-112.265986,40.686274,1
-87.239128,41.586441,1
-83.4607091931458,41.5345368699802,1
-79.5324802209015,34.3401678381078,1
-103.708707,39.27512,1
-120.133225,37.019808,1
-112.205621,42.659711,1
-77.522787,41.028604,1
-82.5984992,39.942768079573,1
-88.529501,30.438252,1
-100.70488,43.88566,1
-111.837578,39.685271,1
-84.980066,41.059323,1
-75.6821644232788,41.8243889009527,1
-100.7272963,41.1010672,1
-87.454539,36.697369,1
-87.778972,40.123668,1
-93.795657,41.040489,1
-90.160321,32.276776,1
-94.4522159,38.7233996,1
-112.205681,33.460974,1
-116.996834,47.71131,1
-103.272,44.11195,1
-121.144319,37.755573,1
-81.005187,34.856689,1
-93.089446,35.283095,1
-111.91602,40.726569,1
-96.767776,43.602962,1
-112.709518,41.963564,1
-117.315898,47.663153,1
-111.640443,40.187357,1
-81.344792,29.750559,1
-80.6022574,33.1943792,1
-113.582107,37.060657,1
-119.20491,45.765915,1
-91.158389,38.22537,1
-82.3033035,28.0101404,1
-116.403994,33.817971,1
-110.874069,32.125995,1
-83.0777561779016,33.5468408961201,1
-91.22752,38.83985,1
-91.569787,40.394746,1
-90.14232,35.15556,1
-114.066461,40.739455,1
-112.051789,41.423751,1
-93.572751,42.4702,1
-117.74814159259,40.9601901219709,1
-110.674659,35.015588,1
-114.444906,32.673528,1
-98.323745,29.495056,1
-82.419765,40.089463,1
-82.423146,40.036756,1
-75.252673,41.5647,1
-98.902828,29.982135,1
-84.323258,35.872819,1
-98.35586,29.483817,1
-122.579225,45.569868,1
-71.187782,42.200689,1
-111.324912,34.241126,1
-92.027712,35.471811,1
-92.3879035753937,35.2805604155842,1
-94.324463,36.430523,1
-119.071487,35.318109,1
-119.002426,35.353443,1
-118.135873,33.874743,1
-122.280476,37.524148,1
-118.46178,34.407414,1
-116.474014,33.815274,1
-118.596118,34.257107,1
-121.799991,39.7127,1
-122.03655,37.959307,1
-117.894265,33.664876,1
-117.849024,34.099958,1
-118.186274,33.963181,1
-116.9415,32.79541,1
-117.099493,33.126574,1
-124.130362,40.803696,1
-121.954783,37.500939,1
-122.020499,37.550311,1
-119.790819,36.753765,1
-117.941295,33.869737,1
-117.902821,33.773687,1
-122.400924,37.723962,1
-121.909415,37.332236,1
-117.920632,33.736425,1
-118.767669,34.27238,1
-120.001838,38.910499,1
-123.211187,39.165412,1
-118.448601,34.208917,1
-119.280982,34.276337,1
-122.083582,37.663537,1
-118.288942,34.098782,1
-117.989189,33.682636,1
-118.352152,33.951558,1
-118.132581,34.662819,1
-118.157618,33.862507,1
-118.167536,33.831945,1
-118.334655,34.034254,1
-118.251762,34.110029,1
-117.202846,33.55594,1
-118.529575,34.228454,1
-122.205719,37.768014,1
-118.148785,34.135758,1
-118.08148,34.010254,1
-117.882091,33.858504,1
-117.292093,34.100213,1
-117.630406,33.433857,1
-117.217902,32.754321,1
-122.277911,47.867491,1
-80.267199,40.494173,1
-123.098996,48.079897,1
-83.6510464259338,42.9587140119439,1
-83.650571,42.959727,1
-93.63849,34.561968,1
-118.39509,37.374358,1
-122.389076,40.625512,1
-85.940629,43.448853,1
-86.169518,42.211834,1
-85.559095,42.284413,1
-86.3683257447052,43.5824148356621,1
-83.953575,43.354214,1
-83.042319,42.612177,1
-94.189809777771,46.3273913821428,1
-90.8652791,38.8487114,1
-81.586312,40.002592,1
-80.768525,41.28535,1
-84.126991,40.691346,1
-81.1921633558197,41.1527970000543,1
-80.797261,34.712403,1
-119.995071,46.324203,1
-120.312111,47.494801,1
-105.653229,41.292393,1
-110.107953,42.553885,1
-83.102419,42.490441,1
-71.450744,42.966222,1
-116.606776,43.61016,1
-76.107338,43.125565,1
-90.698797,38.781848,1
-72.994465,41.271684,1
-90.136001,32.279421,1
-122.579302,45.436706,1
-122.57233,45.480936,1
-73.675593,43.297135,1
-83.313743,42.379908,1
-122.220932,37.475747,1
-122.176591,47.48805,1
-122.217906,47.489481,1
-70.968925,43.29944,1
-82.9073423,42.4730216,1
-94.802832,39.782297,1
-90.229099,38.793503,1
-90.5692639,38.7957162,1
-123.031009,44.924086,1
-122.300716,47.580638,1
-81.81323,41.450774,1
-82.8658876,42.6189759,1
-116.798697,47.700439,1
-82.971168,39.986034,1
-93.353995,45.1784,1
-124.213594,43.36196,1
-91.605004,41.687471,1
-95.854262,41.228154,1
-84.112171,39.742687,1
-78.696704,42.923473,1
-93.702984,41.57758,1
-93.59606,41.547576,1
-83.079028,42.3652,1
-83.141807,42.438215,1
-83.163624,42.26509,1
-85.688841,43.006275,1
-83.067319,42.520847,1
-83.008443,42.783734,1
-92.398044,42.503349,1
-75.91733,43.943911,1
-69.634719,44.548045,1
-80.66985,41.101299,1
-83.6573695,42.2508957,1
-122.818764,45.368745,1
-93.770834,32.535517,1
-94.142268,36.157697,1
-76.124668,43.051679,1
-122.43348,47.169819,1
-83.268371,42.24417,1
-83.60257,41.613094,1
-78.911044,42.979843,1
-83.164011,42.548678,1
-90.324418,38.670321,1
-75.289786,43.084039,1
-75.981663,42.095627,1
-77.444356,43.032604,1
-73.750972,42.641484,1
-73.867904,42.749852,1
-92.456994,31.268628,1
-122.241261,47.352711,1
-90.6049894,38.5932347,1
-121.299424,44.101022,1
-90.517133,41.554965,1
-93.287812,44.842928,1
-93.69077,32.496743,1
-73.179982,41.197485,1
-122.333834,47.480896,1
-93.302181,44.773311,1
-75.123441,44.610911,1
-76.833014,42.15063,1
-123.125706,44.05197,1
-123.03082,44.043833,1
-122.314997,47.285486,1
-94.421162,35.362387,1
-123.914267,46.037004,1
-111.319011,47.508196,1
-77.702153,43.186095,1
-72.926588,41.357921,1
-84.549618,39.395388,1
-90.45547,30.482321,1
-77.652374,43.092951,1
-92.177433,46.817086,1
-73.498311,40.743589,1
-94.415577,39.04212,1
-83.332607,42.290162,1
-77.567113,43.201343,1
-76.513925,42.423865,1
-90.2320706,32.2918042,1
-90.667882,35.82465,1
-94.520881,38.908415,1
-84.601448,42.724541,1
-72.252968,43.645181,1
-92.358601,34.741353,1
-92.344703,34.718012,1
-121.759195,37.687032,1
-71.004933,43.308653,1
-92.458023,43.996914,1
-73.245181,41.295229,1
-87.543238,37.951649,1
-85.135618,41.12086,1
-87.508028,41.595218,1
-86.249523,39.752506,1
-86.199709,39.862494,1
-86.044959,39.807116,1
-86.044971,39.910259,1
-86.919884,40.454655,1
-86.429506,36.95306,1
-84.453639,38.03174,1
-85.645752,38.189587,1
-88.584413,37.057961,1
-71.0687492,42.3286448,1
-71.019591,42.100538,1
-70.946015,42.457633,1
-72.642517,42.344351,1
-70.898885,42.514804,1
-71.088251,42.379624,1
-71.127957997345,42.4167919047911,1
-71.065049,41.904537,1
-71.1690209,42.2671103,1
-71.161714,42.538069,1
-81.716369,36.219378,1
-79.08379,35.819271,1
-74.98071,40.00532,1
-74.500341,39.423186,1
-75.02543,39.853035,1
-74.755925,40.230817,1
-74.108034,40.396236,1
-74.400244,40.656882,1
-80.616594,35.393825,1
-78.970801,35.963848,1
-78.823307,35.940737,1
-78.89805,35.01674,1
-78.956302,35.098165,1
-81.344373,35.716748,1
-80.032896,35.996228,1
-77.448629,34.751622,1
-78.556157,35.796841,1
-74.786002,44.98042,1
-92.704334,45.320654,1
-91.023161,29.940319,1
-83.857347,33.601227,1
-79.3675035753937,36.6956902685646,1
-94.982352,29.472842,1
-101.860652,35.21118,1
-101.885666,35.150341,1
-97.784412,30.166413,1
-97.72878,30.322728,1
-97.760702,30.222064,1
-96.857995,32.953885,1
-96.9653688521149,32.5686502766541,1
-96.299484,30.600433,1
-97.39497,27.802839,1
-96.69972,32.72353,1
-106.376971,31.791644,1
-106.433176,31.864098,1
-106.281142,31.703149,1
-106.422374,31.77818,1
-106.535836,31.832121,1
-97.211398,32.764237,1
-97.361739,32.649063,1
-97.443218,32.739043,1
-96.643204,32.915484,1
-96.666675,32.870176,1
-97.057485,32.679147,1
-95.726945,29.783989,1
-97.703186,31.084448,1
-94.745223,32.499469,1
-101.854171,33.562843,1
-96.745755,33.217025,1
-96.632609,32.793031,1
-102.104068,31.987568,1
-97.663336,30.451792,1
-96.771748,33.014092,1
-97.700075,30.511964,1
-100.44101,31.447794,1
-98.60373,29.48028,1
-96.976981,28.824517,1
-81.486617,28.674115,1
-80.057839,26.538427,1
-82.575829,27.468258,1
-82.500719,28.532966,1
-82.787097,27.963805,1
-81.688775,28.545786,1
-81.031722,29.20753,1
-81.285631,28.901407,1
-81.699943,28.822038,1
-81.457626,30.645098,1
-80.181862,26.120991,1
-81.869826,26.574051,1
-80.324928,27.393335,1
-80.205986,25.992079,1
-80.465415,25.480679,1
-82.639467,28.333037,1
-82.681518,28.373912,1
-81.632922,30.164921,1
-81.619722,30.266176,1
-81.810772,30.245775,1
-81.761534,30.24627,1
-81.956768,28.066943,1
-82.729735,27.895075,1
-81.788827,28.823151,1
-80.324058,25.850412,1
-80.237393,25.809193,1
-80.300724,25.695005,1
-80.2459404,25.9420463,1
-81.779492,26.136499,1
-81.403556,30.323836,1
-80.938498,29.039594,1
-81.902683,26.710049,1
-80.154498,25.9264319,1
-82.244093,27.051098,1
-82.1413641,29.1973521,1
-81.549227,28.550891,1
-81.300692,28.923292,1
-81.75712,30.147268,1
-81.397542,28.531442,1
-81.460083,28.533569,1
-81.403483,28.371288,1
-81.287029,28.5515,1
-81.206557,28.567367,1
-81.400514,28.453064,1
-80.077891,26.810936,1
-85.676147,30.176841,1
-87.272571,30.428647,1
-87.221022,30.500421,1
-80.3465368,25.6167374,1
-81.3218754,29.8291908,1
-82.647251,27.856861,1
-82.6479347,27.7696479,1
-82.530664,27.282103,1
-82.566208,27.401043,1
-84.322601,30.445337,1
-82.534076,28.0246,1
-82.509941,27.894709,1
-82.550716,28.065009,1
-82.458555,28.044965,1
-82.394223,28.000727,1
-80.826818,28.61589,1
-80.108779,26.707213,1
-80.13245,26.162786,1
-81.310118,28.611302,1
-122.2655026,38.2356194,1
-104.816231,40.231303,1
-122.290928,47.460653,1
-122.667903,47.524563,1
-92.499313,44.038979,1
-97.467311,35.507159,1
-97.619451,35.494423,1
-97.1368,36.11586,1
-74.946111,40.068786,1
-76.417362,41.010577,1
-77.161282,40.221365,1
-75.332836,39.870604,1
-75.252201,40.688427,1
-75.0108538,40.1553874,1
-75.2956957976227,39.9690171349139,1
-75.965451,40.951684,1
-75.138886,40.208494,1
-78.925944,40.337479,1
-76.43528,40.33815,1
-74.840423,40.121564,1
-76.957941,40.211053,1
-79.71003,40.430593,1
-75.238154,40.059771,1
-79.906023,40.463482,1
-75.992051,40.301278,1
-76.751712,39.971312,1
-96.739517,43.544639,1
-100.768105,46.832299,1
-96.803298,46.874649,1
-97.049926,47.933129,1
-82.430389,38.416063,1
-81.759732,38.362261,1
-111.519022,46.316427,1
-111.18431,45.775394,1
-122.897347,47.046279,1
-98.691757,46.902392,1
-83.97888,37.69549,1
-111.647455,40.149968,1
-95.574103,46.588883,1
-95.095747,46.754168,1
-82.333979,41.172612,1
-112.029583,33.448574,1
-112.080062,33.424689,1
-104.296188,39.035587,1
-92.551397,45.444623,1
-93.321083,44.774689,1
-110.916983,32.2509,1
-110.874209,32.23651,1
-114.62357,32.701941,1
-86.977255,34.579103,1
-86.617722,34.719604,1
-88.100909,30.671251,1
-86.220535,32.346764,1
-85.849577,33.605352,1
-84.168778,31.574869,1
-84.416582,34.17343,1
-84.246772,33.802365,1
-84.470212,33.608665,1
-84.979317,32.46418,1
-84.935654,32.479122,1
-84.008626,33.655459,1
-84.275641,33.716828,1
-84.76151,33.727005,1
-84.357459,33.635055,1
-84.379206,33.518888,1
-84.601783,34.002743,1
-83.622268,32.850625,1
-84.513804,33.939454,1
-85.2372,34.271476,1
-81.126537,31.997011,1
-81.148733,32.054239,1
-84.539218,33.893786,1
-84.015089,33.867989,1
-83.618408,32.617775,1
-84.500605,34.085288,1
-94.696896,39.117645,1
-94.781247,38.902214,1
-94.729774,38.961741,1
-76.636676,39.335997,1
-76.560048,39.332521,1
-76.561052,39.297399,1
-76.485388,39.332843,1
-76.855969,38.890119,1
-77.426018,39.403247,1
-76.868411,38.94357,1
-76.841393,39.106545,1
-76.719901,39.095176,1
-77.106596,39.054456,1
-106.620392,35.115779,1
-106.533429,35.102119,1
-106.650121,35.107612,1
-106.585747,35.126918,1
-111.689707,32.873847,1
-111.949548,33.306528,1
-111.840793,33.32692,1
-111.625991,35.194046,1
-111.79089,33.37247,1
-112.202552,33.5243,1
-111.077111,32.346737,1
-112.247597,33.638729,1
-112.11819,33.567135,1
-111.994149,33.509075,1
-112.101399,33.639496,1
-112.114416,33.682272,1
-112.014079,33.634644,1
-111.898965,33.626706,1
-82.546491,27.423412,1
-82.7533106084595,41.4241311959947,1
-92.438507,41.047491,1
-111.938329,40.745644,1
-111.932609,40.772746,1
-123.075325,44.636958,1
-95.866632,30.06666,1
-105.052759,39.696472,1
-105.135894,39.711526,1
-104.967494,39.565176,1
-105.011854,39.628338,1
-105.076531,40.501741,1
-104.790112,39.702402,1
-89.640783,39.757235,1
-88.207274,41.677604,1
-88.014532,42.13867,1
-88.320105,41.785023,1
-87.674801,41.497916,1
-89.615106,40.731168,1
-87.651256,41.955969,1
-89.217617,37.732537,1
-88.286145,42.227399,1
-87.7411,41.80742,1
-90.117427,38.881907,1
-89.03631,42.314748,1
-87.798541,42.044512,1
-89.458388,43.034422,1
-87.983997,43.147587,1
-87.854955,42.575536,1
-88.00608,44.514978,1
-88.008972,43.095126,1
-88.045801,43.021356,1
-122.333177,48.488786,1
-76.548632,37.417463,1
-71.103971,42.149502,1
-101.378489694443,33.1981590940065,1
-94.959643,45.736585,1
-71.36681,41.821719,1
-71.403448,41.915052,1
-71.317173,41.505057,1
-75.525203,39.751392,1
-77.498638,38.29636,1
-77.187981,38.892327,1
-76.088836,36.837344,1
-76.213928,36.858456,1
-76.472733,37.075321,1
-76.234444,36.911026,1
-77.329034,37.258102,1
-81.655424,41.505344,1
-81.414708,41.647142,1
-86.3646457790985,41.6724750790695,1
-77.445897,37.559238,1
-89.258801,45.93293,1
-84.950584,45.350586,1
-111.019511091927,32.2862875104371,1
-110.136266,38.99125,1
-81.8423118895493,32.3766458913865,1
-85.7099330760574,34.4550743949624,1
-90.4306444441803,42.5856407636149,1
-121.68746,39.357302,1
-89.752228,43.459781,1
-111.940029,40.694117,1
-111.970749,41.208325,1
-119.14233,36.288752,1
-119.26867,34.265872,1
-85.165474,41.16359,1
-121.881928,42.570427,1
-85.301447,29.814455,1
-121.795462,42.193955,1
-91.682616,44.051697,1
-72.352052,43.378337,1
-71.413521,42.821068,1
-71.47471,43.326232,1
-70.975178,43.274013,1
-85.671064,40.181418,1
-115.240295,36.247314,1
-111.63826,40.21924,1
-75.9329856415253,41.5378961228853,1
-122.315665,47.517816,1
-122.313326,47.776838,1
-95.150692,43.197338,1
-96.984508,33.268071,1
-71.102907,43.02207,1
-96.5843537447052,46.2566278366192,1
-119.136643,36.285323,1
-119.0180694,36.0636925,1
-74.769287,41.02487,1
-79.167901,37.279301,1
-78.87847,37.750975,1
-73.429441,41.406694,1
-84.240282,39.82429,1
-118.134306,34.659278,1
-114.609392,33.611787,1
-116.438831,34.120654,1
-121.740451,38.001945,1
-121.818328,39.70818,1
-121.221934,38.797984,1
-116.970079,32.655066,1
-117.183366,33.144045,1
-119.034205,35.394649,1
-120.48665,37.283593,1
-118.158485,35.055211,1
-117.684251,35.622136,1
-115.545433,32.793156,1
-117.284829,34.476158,1
-120.529201,38.050227,1
-118.432976,37.376332,1
-122.275829,38.254724,1
-116.515053,33.832874,1
-122.588548,38.226796,1
-123.202645,39.138885,1
-105.079483,40.163239,1
-105.081772,40.462042,1
-107.919588,38.516859,1
-83.865654,34.262887,1
-92.44696,31.278294,1
-91.501566,32.453293,1
-90.931595,30.219337,1
-90.78435,29.69497,1
-91.749803,29.973659,1
-91.987998,30.168788,1
-93.183823,30.234433,1
-90.178497,29.969373,1
-92.087529,32.503416,1
-92.071879,30.558552,1
-90.083417,30.462848,1
-90.083924,29.869576,1
-81.28664,35.711672,1
-99.309822,34.637731,1
-97.8515079,36.4052281,1
-96.913698,35.344925,1
-97.052667,36.111824,1
-99.380525,36.407376,1
-97.24105,34.17276,1
-98.985,35.4653,1
-95.497155,34.009457,1
-95.7747077,34.8856495,1
-95.374544,35.769632,1
-97.096261,36.720911,1
-94.7978017846557,35.4455061595669,1
-95.130261,36.655958,1
-95.429249,30.355741,1
-86.25018,39.834688,1
-79.634017,42.020413,1
-117.544355,33.873961,1
-83.81522,34.267825,1
-85.086176,41.366046,1
-97.802123,32.445626,1
-72.947099,40.806551,1
-83.961886,35.06212,1
-82.083706,33.506832,1
-79.537253,37.315151,1
-99.034995,45.447883,1
-97.388403,41.44141,1
-83.518262,43.055438,1
-89.782004,44.406171,1
-79.106383,36.092325,1
-113.580826,37.081803,1
-120.547904,41.491382,1
-119.049743,43.585661,1
-117.275578,45.420509,1
-118.948587,44.39348,1
-121.772593,42.218793,1
-118.050761,45.341144,1
-116.545342,43.569285,1
-121.169506,44.259112,1
-120.3559,42.193475,1
-120.61997450003,40.4000745788413,1
-121.515148865082,41.997506,1
-117.183586,34.495323,1
-85.662521,42.616228,1
-121.398169,37.724623,1
-93.610816,42.000598,1
-108.848457728836,35.5029034051944,1
-81.873413,28.80992,1
-84.9997965211487,41.6953208608529,1
-83.8814030118866,31.5440996407416,1
-82.395955,32.218033,1
-76.056406,38.807372,1
-75.577514,39.009026,1
-75.339561,38.620643,1
-82.006068,33.078871,1
-81.73599,32.425416,1
-82.078676,33.450362,1
-89.137538,30.838582,1
-85.516969,34.86322,1
-82.140659,29.20831,1
-80.943982,32.327923,1
-77.508739,38.258775,1
-76.9161240288361,39.09182080817,1
-77.811943,37.515439,1
-77.463175,37.564133,1
-81.571901,30.186597,1
-84.432169,33.690792,1
-77.5069823399506,37.37975167815,1
-77.498262,37.389801,1
-81.37796,28.500049,1
-76.699314,39.160126,1
-75.135874,38.730949,1
-98.845418,43.390088,1
-83.8718147387619,32.5308024804673,1
-124.255399,42.046691,1
-123.17574,44.05939,1
-111.898154,40.581129,1
-111.987768,33.466185,1
-123.795362,40.110248,1
-84.529822,39.348724,1
-97.941208,29.876557,1
-97.157426,30.007309,1
-97.421445,30.567497,1
-89.49087,43.002902,1
-76.805137,38.09323,1
-77.528015,37.464987,1
-76.290756,38.976688,1
-76.178779,39.516466,1
-75.346157,40.091707,1
-75.311718,39.866244,1
-82.515039,27.991473,1
-79.379122,36.082052,1
-78.866119,38.464119,1
-83.725311,32.833795,1
-83.679657,32.611889,1
-83.9653764127197,33.0308760351073,1
-79.851053,41.401525,1
-78.925671,40.287322,1
-78.9109892896881,40.2319484870814,1
-80.280863,40.429888,1
-80.260488,41.015644,1
-79.702036,41.376557,1
-80.268222,40.518109,1
-80.223767,40.507353,1
-80.256495,40.170632,1
-80.0303176116394,40.579497,1
-73.040843,41.543491,1
-73.403539,41.409536,1
-96.744818,41.204548,1
-96.6214,41.212178,1
-122.878601,45.751098,1
-111.666293,33.416296,1
-82.999709,40.056323,1
-111.445572,36.894122,1
-106.62381,35.148213,1
-75.426944,38.925962,1
-83.907355,39.669595,1
-83.929454,39.482975,1
-84.238348,39.41792,1
-83.360331,32.396008,1
-89.1451994219513,45.174619987706,1
-92.263589,37.129829,1
-92.840083,38.205224,1
-86.0254208796234,34.6535520092949,1
-86.385655,34.701038,1
-85.8448688637543,34.4980764240632,1
-86.567415,34.963642,1
-84.812187,40.2128,1
-90.132851,42.966119,1
-71.251996,42.815146,1
-71.14386,42.890889,1
-71.423356,42.811742,1
-70.491268,43.460517,1
-97.130798,44.904113,1
-75.17461,41.022575,1
-75.006955,41.126313,1
-84.305365,34.065384,1
-84.566202,33.569291,1
-81.614014,30.444039,1
-93.983085,32.443229,1
-91.197753,32.387851,1
-93.97902,32.444765,1
-93.72961,32.572182,1
-91.042314,30.386783,1
-92.5065217619019,32.5431981890642,1
-93.551896,32.556984,1
-92.118559,32.509288,1
-92.090942,32.084685,1
-93.054947,32.802978,1
-91.725938,32.179649,1
-91.56253,31.629263,1
-91.182591,32.389274,1
-92.075067,32.568949,1
-91.697676,32.461895,1
-72.804363,42.446121,1
-84.775996,42.600706,1
-81.294689,35.698034,1
-80.419774,25.498611,1
-97.225093,33.003056,1
-117.350046,33.884438,1
-72.616174,42.100921,1
-82.559311,40.477036,1
-99.369438,40.10513,1
-112.254539,33.566781,1
-123.089797,46.82029,1
-119.098649,46.259982,1
-120.690638,43.237312,1
-96.260909,29.19012,1
-97.52636,30.177846,1
-75.613869,39.315037,1
-75.448869,40.623814,1
-98.617826,29.31101,1
-98.8465513505096,29.1847952663486,1
-78.0573,34.902865,1
-97.351975,37.649621,1
-96.65243,40.820365,1
-95.265347,38.57301,1
-95.684011,38.970948,1
-93.308889,37.065583,1
-93.705626,38.044557,1
-97.029899,37.055536,1
-84.482491,43.984867,1
-94.018386,33.431073,1
-92.389806,35.386221,1
-85.151785,41.118471,1
-114.542875,42.723775,1
-97.63742,39.572365,1
-111.704306,40.317114,1
-75.324677,40.107893,1
-108.169769,36.741062,1
-102.892377965607,31.5624394982899,1
-84.603637,42.718003,1
-121.984498,36.987807,1
-81.315957,32.373068,1
-75.795182,38.965274,1
-98.7069,29.504968,1
-98.388721,29.410669,1
-91.162557,40.812802,1
-94.518595,38.821694,1
-90.441226,37.788816,1
-93.2273623915405,36.6076831570403,1
-94.338757,39.042168,1
-94.6228922857666,39.2555733855875,1
-105.48673,44.271285,1
-95.6753704920654,35.8108370895488,1
-95.829403,36.161696,1
-97.931031,36.459883,1
-79.84094,32.82298,1
-80.2647722870331,34.2086552575716,1
-102.9526677,41.1093776,1
-100.7256129,41.1027407,1
-91.7194123687866,37.9820651801149,1
-97.1732529,37.7964578,1
-75.9985083263893,42.1031455784432,1
-82.503612,33.514228,1
-103.680283,35.171484,1
-102.721063787697,34.2328159157137,1
-104.395143602516,32.8421808790547,1
-105.568503591263,33.5450679737711,1
-104.378818,33.197368,1
-105.217922,35.579616,1
-89.7488794947204,43.005886949155,1
-90.868689,43.591875,1
-90.95215,42.864855,1
-72.10664,41.45043,1
-82.423708,35.285934,1
-71.023999,43.349835,1
-102.27770725264,39.2914867492858,1
-77.467485,37.938989,1
-79.937621,37.28775,1
-77.425141,37.216912,1
-77.492747,37.60731,1
-76.224357,36.757356,1
-77.460889,38.770085,1
-79.376118,36.583119,1
-78.967516,38.388954,1
-77.471872,37.933244,1
-84.685658,33.408211,1
-87.356616,41.56177,1
-97.254196,32.78795,1
-75.376561,38.664097,1
-75.657338,39.577237,1
-75.510774,39.150359,1
-75.56454,39.736663,1
-75.61099,39.703296,1
-75.348561,38.872384,1
-75.672588,39.712755,1
-75.14095,38.470205,1
-75.64817,39.710847,1
-75.564649,38.456556,1
-72.928583,41.323894,1
-92.416613,40.750928,1
-118.411171,34.290299,1
-118.343417,33.939485,1
-80.972112,34.132368,1
-81.237159,33.934883,1
-80.844422,33.950727,1
-80.979143,34.215875,1
-79.944601,40.619335,1
-79.686658,41.44133,1
-78.836357,40.477853,1
-79.696609,41.426802,1
-80.079612,42.115181,1
-80.040485,39.643217,1
-81.542845,39.275066,1
-78.930885,40.317234,1
-78.988494,39.42746,1
-79.900506,41.058837,1
-80.608657,40.273945,1
-78.899087,40.015306,1
-80.045608,41.056188,1
-79.329738,39.799247,1
-80.080274,40.282464,1
-108.159548,45.961461,1
-81.590698,30.236248,1
-104.523631,33.365747,1
-104.23639,32.420715,1
-103.142883,32.696899,1
-96.1827,31.728298,1
-104.520708,33.401945,1
-84.423118,43.982585,1
-97.88652,30.602553,1
-96.702481,33.036787,1
-117.919485406082,33.6496402762379,1
-87.387917,39.375385,1
-90.637717,43.574577,1
-86.904037,40.39209,1
-85.044078441803,41.4064014996067,1
-86.005554,39.764095,1
-86.399314,39.759184,1
-76.075608,39.636622,1
-75.114963,40.159841,1
-118.622932,34.193362,1
-97.177191,33.297919,1
-96.694509,32.623962,1
-95.498724,30.437821,1
-97.01114,32.483144,1
-97.093514,32.009547,1
-97.743024,32.742843,1
-95.218785,33.16455,1
-95.642491,32.508305,1
-95.091204,30.354798,1
-96.602758,30.895411,1
-97.483594,33.056822,1
-94.204357,33.46376,1
-96.898792,32.194179,1
-96.543478,32.287787,1
-94.8120802678146,45.6698480111164,1
-74.750997,40.619029,1
-93.605954,44.787567,1
-111.977834459,40.7398624845753,1
-76.2512256772461,37.8837252710836,1
-113.787809123298,42.5616698841055,1
-110.050606711628,40.4040760391534,1
-109.500894,40.448915,1
-107.519879,40.510432,1
-81.666397,41.514906,1
-73.949068,41.088596,1
-81.44524,41.38631,1
-81.292018,41.683321,1
-81.88932,41.43036,1
-81.5282700674591,41.3687210857277,1
-104.974602757712,39.9251123779957,1
-81.2254813346405,33.9619296433289,1
-80.962691,33.945964,1
-97.615056,38.370094,1
-97.998017,40.818073,1
-122.640427,45.535386,1
-112.000212,41.102849,1
-122.632541,47.496065,1
-122.648822,48.322876,1
-117.435189,34.070008,1
-81.544164,34.296232,1
-83.329123,42.261099,1
-85.36943,32.576977,1
-84.950066,32.554413,1
-82.439536,35.610697,1
-80.836727,35.772393,1
-83.872566,36.010185,1
-83.704434,32.917723,1
-80.236337,36.089434,1
-79.10569,36.095211,1
-82.801528,36.170972,1
-81.368967,28.400915,1
-77.47852,38.987535,1
-81.942724,34.962585,1
-85.224604,34.989988,1
-82.236983,36.33363,1
-82.514263,36.543961,1
-83.215532,36.524448,1
-86.799884,36.420973,1
-80.936261,35.140775,1
-81.055212,35.250341,1
-77.467656,37.650335,1
-77.588431,38.194991,1
-82.930277,35.524282,1
-80.24311,35.831674,1
-95.743567,29.606027,1
-122.256488,47.273007,1
-77.041496,37.439946,1
-95.169326,36.19982,1
-95.692775,36.014387,1
-92.84,37.5054,1
-93.7136,36.9459,1
-93.3961,37.577,1
-93.497732,44.790334,1
-85.191318,41.116204,1
-108.211405,43.644451,1
-85.630337,36.139859,1
-84.449729,43.408295,1
-85.876565,44.65902,1
-95.240462,32.26469,1
-84.817623,35.290751,1
-87.456672,36.709544,1
-93.913688,44.464146,1
-77.2182,38.692321,1
-76.604078,38.648956,1
-96.209446,43.651394,1
-93.316803,43.6564,1
-93.098816,45.197083,1
-93.796923,47.334508,1
-93.6018956238876,46.9869825544804,1
-93.923726,47.056687,1
-94.50048387,46.81968741,1
-94.85005885,45.97570077,1
-82.728518,28.241388,1
-80.6198453862305,28.0340456000598,1
-81.270791,28.454298,1
-82.611502,28.013318,1
-82.514263,36.543961,1
-72.661288,41.789022,1
-73.4223,42.4311,1
-82.449549,35.26865,1
-90.889587,46.946426,1
-117.346589,33.298674,1
-77.631955,39.99583,1
-81.129172,37.816577,1
-86.36256,32.379119,1
-90.104868,41.969698,1
-121.896069,37.717453,1
-116.951153,34.874372,1
-83.305407,35.515347,1
-76.914944,40.98406,1
-76.343973,40.732722,1
-89.649192,43.865946,1
-97.287105,32.679451,1
-122.486833,48.888216,1
-81.246604,28.786984,1
-81.288776,28.704296,1
-93.585085,45.464465,1
-94.192517,33.107791,1
-83.054569,42.405993,1
-118.362223,33.987333,1
-117.860746,33.85831,1
-117.856214,34.012709,1
-118.253181,33.783689,1
-117.822169,33.69635,1
-117.869142,33.714665,1
-117.758355,33.676654,1
-118.209634,34.017754,1
-93.600136,42.008096,1
-93.7715113267365,41.6904095120385,1
-92.998153,41.680343,1
-93.5717412937915,42.3117678349884,1
-93.780895,41.613253,1
-92.404069,42.460552,1
-95.452499,41.496485,1
-90.623577,41.604229,1
-96.380028,42.434626,1
-83.778971,31.121117,1
-104.515726,33.369796,1
-96.176297,43.078307,1
-81.530875,30.164784,1
-113.358204,48.864001,1
-98.4793566772461,36.252715304272,1
-77.6609373579327,37.4067739931531,1
-77.8566600136953,39.3449775414657,1
-114.737733,36.016066,1
-77.756943,39.316736,1
-104.284559,38.43401,1
-76.942617,38.882098,1
-77.013624,38.862974,1
-77.034288,38.876278,1
-76.957269,38.896596,1
-76.969957,38.89862,1
-77.052262,38.956284,1
-77.070737,38.690893,1
-76.897626,38.983313,1
-77.003974,38.79952,1
-76.934168,38.84245,1
-77.449999,39.63412,1
-83.536856,35.687172,1
-77.04979,38.847284,1
-77.523143,38.809979,1
-77.265659,38.937659,1
-77.743082,39.323575,1
-74.794855,44.976319,1
-82.506104,35.569554,1
-75.055231780426,40.2253717959697,1
-122.061548,37.892797,1
-81.137321,40.004526,1
-83.140506,42.393841,1
-92.710129,34.538362,1
-86.173533,42.681266,1
-122.309417,47.775003,1
-81.271834,28.804659,1
-82.21673,36.5918868,1
-95.3699839012905,46.5249552083721,1
-74.640756,41.641505,1
-118.535701,34.257609,1
-79.967283,40.861799,1
-92.907647,37.338089,1
-117.21772,33.164537,1
-122.23351,47.31108,1
-106.64066,35.122421,1
-93.333504,35.34737,1
-93.832162,35.467908,1
-93.861854,36.169618,1
-93.991594,36.100714,1
-94.093038,36.385437,1
-94.11618,36.34341,1
-94.83996,37.50834,1
-114.344450231256,34.5062585245351,1
-106.892148084655,34.0498107119598,1
-106.192116,35.062023,1
-106.635618,35.166962,1
-108.854379,35.066666,1
-107.893992992052,35.1719688097397,1
-106.755569,34.717731,1
-106.705686,34.804922,1
-107.235282711647,34.1204951453007,1
-88.003549,44.518647,1
-92.045717,34.202095,1
-96.054544,39.83489,1
-96.216297,38.423139,1
-93.585085,45.464465,1
-98.212529,34.554192,1
-94.712349,36.597727,1
-93.151494,33.396542,1
-111.04753,45.70162,1
-82.73623,35.23388,1
-79.88077,36.94956,1
-96.2118891388963,42.7669556011732,1
-95.85811,36.07687,1
-118.74337,34.27132,1
